anio,region,sexo,grupo_etario,fuente,ocupados_tiempo_parcial_involuntario,ocupados_buscan_empleo,fuerza_trabajo_potencial,fuerza_trabajo_ampliada,tasa_presion_laboral,su1,su2,su3,su4
2010,Chile,Ambos,Total,Indicadores complementarios,809.0978527223676,693.517207744204,968.5857629710514,8991.914287415777,17.19293754518427,8.549178217228787,18.63349484788007,18.40002433959011,27.398084450713544
2011,Chile,Ambos,Total,Indicadores complementarios,837.8663250070119,703.0321815529657,913.280090251308,9238.464755455772,15.971297914514807,7.526654224011164,17.590891339482212,16.66822350112089,25.737547757753575
2012,Chile,Ambos,Total,Indicadores complementarios,792.610961200383,582.6848780175401,869.1298710106892,9320.509952061746,13.71976138641419,6.825208397086624,16.20368804891894,15.513680918847573,24.017625072944565
2013,Chile,Ambos,Total,Indicadores complementarios,779.9770409261513,556.0927781170778,822.9057817073225,9410.205841726292,12.853421760956588,6.377663673660294,15.460577225937264,14.564770646206506,22.85339954598693
2014,Chile,Ambos,Total,Indicadores complementarios,775.2227515076598,568.5047212554374,800.9386825876825,9546.664985891424,13.27625282891199,6.77588108687975,15.639899061176699,14.597125793593415,22.71747727396196
2015,Chile,Ambos,Total,Indicadores complementarios,748.1361461603549,548.1537385318569,801.431799441284,9683.044645252688,12.79848860961679,6.626707109476667,15.050133790512174,14.354888573320093,22.0811376361822
2016,Chile,Ambos,Total,Indicadores complementarios,808.9336203428428,538.4353079370352,775.3007984550705,9791.247071715738,12.915463179330933,6.943429943796718,15.915684167870388,14.311932907477134,22.57373668403215
2017,Chile,Ambos,Total,Indicadores complementarios,825.3586900781374,544.9465093299208,752.7714244722839,10018.608851454313,13.15142658946849,7.270182572138315,16.17772812948536,14.23765258631033,22.475909038036434
2018,Chile,Ambos,Total,Indicadores complementarios,833.5068475009928,584.3593428537968,723.6693096099481,10233.843160387707,13.784499957744009,7.639929395492858,16.4042996433914,14.171019180863146,22.31563146813427
2019,Chile,Ambos,Total,Indicadores complementarios,856.5994558963141,596.1879976478755,745.6511829021559,10450.346313906299,13.652909154048492,7.509614701209889,16.336264527227478,14.108971615664137,22.305823951135885
2020,Chile,Ambos,Total,Indicadores complementarios,574.6341535831097,508.9721585950642,1629.4343555653552,10514.650122271038,16.563737884628598,10.83543401493233,17.30274070360449,24.65308894644639,30.118170018102585
2021,Chile,Ambos,Total,Indicadores complementarios,485.52609360510723,438.7251994596551,1034.825077824651,10198.71405153574,14.062326579194966,9.274782767629286,14.57303654392405,18.480328634366185,23.240988568076123
2022,Chile,Ambos,Total,Indicadores complementarios,441.13728925163406,450.88736452904305,836.6197314006836,10500.258857373206,12.954025398887861,8.288212047919346,12.853130951668653,15.59545013080417,19.796654074856182
2023,Chile,Ambos,Total,Indicadores complementarios,464.731607890856,574.5440928789717,894.1444947285597,10871.57328490775,14.809267374608446,9.050828953634728,13.708658316930133,16.531043496650952,20.805784564128377
2024,Chile,Ambos,Total,Indicadores complementarios,524.5112751888042,637.3250328215856,937.1646422846599,11130.795384415867,15.033059948938574,8.78087121516913,13.926351647582196,16.461125792200026,21.173379113496075
2025,Chile,Ambos,Total,Indicadores complementarios,576.2466469724332,700.7469374227774,965.2954826793859,11268.89657763827,15.653392007724026,8.852401451464788,14.445073777010913,16.660119317166853,21.77372243706702
2010,Chile,Ambos,Total,Indicadores complementarios,375.8196517302313,451.15461377703247,309.12360165332694,5130.963121523549,16.86882728872035,7.512343898556109,15.30645753882812,13.084420073226275,20.40896407849752
2011,Chile,Ambos,Total,Indicadores complementarios,379.4646786875524,443.44557862634014,307.54980591082136,5245.018546603704,15.4439398430932,6.462706706939494,14.148115944270717,11.9474111254457,19.182174459757768
2012,Chile,Ambos,Total,Indicadores complementarios,349.3890403741592,366.558193889246,293.85662578650914,5285.936099886219,13.134108713107532,5.7913130747157275,12.790180824856451,11.028577834733838,17.638363382116445
2013,Chile,Ambos,Total,Indicadores complementarios,344.3153492465087,349.15766850285934,278.6287574276231,5322.998288034013,12.59611243038795,5.674381847718155,12.50011789178466,10.611792749848957,17.080240241566592
2014,Chile,Ambos,Total,Indicadores complementarios,337.64981491345185,362.6536058151407,283.4436828421966,5394.558370736629,13.490806115881867,6.3954144457618805,13.001601853631406,11.313635111300407,17.572716795263087
2015,Chile,Ambos,Total,Indicadores complementarios,328.0856767003807,342.2285992813106,283.3184339016972,5478.677200134152,12.71358904309467,6.126390455277291,12.441366792095321,10.980869569370562,16.969279996112753
2016,Chile,Ambos,Total,Indicadores complementarios,357.3784774139509,334.4793830809961,277.8319442061416,5527.028507452268,12.926999262154348,6.554988249593744,13.363239247779768,11.252269846020416,17.718284575853747
2017,Chile,Ambos,Total,Indicadores complementarios,378.6655352122394,334.11932407401946,282.34528305502107,5646.358668444459,13.100576635148494,6.871671148370673,13.931040840542824,11.52853868266394,18.23490569630177
2018,Chile,Ambos,Total,Indicadores complementarios,375.29273535203083,356.55024843944915,279.51239601010667,5753.583213226032,13.477027251496523,6.963588526551637,13.819413887300296,11.483351137674946,18.006116542185442
2019,Chile,Ambos,Total,Indicadores complementarios,398.8112553861229,348.32160908405183,291.16818274811106,5852.273938041118,13.238264545939154,6.974733075556262,14.146171148039208,11.603019141248277,18.417656658363782
2020,Chile,Ambos,Total,Indicadores complementarios,282.2113106465564,311.17052318431485,710.7093081215348,5929.520267863408,16.586584421390338,10.624105121321849,16.031683836541585,21.33665479523615,26.09608385353745
2021,Chile,Ambos,Total,Indicadores complementarios,238.85370450778973,266.8055904780234,465.89621530480036,5837.827968903071,14.050002959083397,9.083342868896853,13.529670846682476,16.33907679788143,20.43055920846487
2022,Chile,Ambos,Total,Indicadores complementarios,208.06390697350406,262.13085634263604,374.2072009284479,5931.152499474916,12.588794757421153,7.871619362313311,11.615833058782975,13.684166493339097,17.19215093636133
2023,Chile,Ambos,Total,Indicadores complementarios,217.0375139967065,334.2972903646513,399.5740849959146,6072.347336701531,14.676966024053087,8.783952580158793,12.609903387049421,14.7861732476816,18.36036790359205
2024,Chile,Ambos,Total,Indicadores complementarios,239.36730444763577,371.9374050950584,396.84426764351025,6179.311920138947,14.6279039956549,8.195746870927225,12.335282426207613,14.091547579875275,17.965236229051822
2025,Chile,Ambos,Total,Indicadores complementarios,264.40833639580046,398.60516089021996,397.9314086208332,6222.101342662355,15.180422794593875,8.336440469139664,12.87628630794955,14.198738004092274,18.44824025155428
2010,Chile,Ambos,Total,Indicadores complementarios,433.2782009921363,242.36259396717148,659.4621613177244,3860.951165892227,17.681087790641918,10.110779299159752,23.64442568598286,25.46413064071793,36.68618920545013
2011,Chile,Ambos,Total,Indicadores complementarios,458.4016463194595,259.58660292662546,605.7302843404866,3993.4462088520672,16.73990249967396,9.077317775600587,22.608607191065637,22.86856956076401,34.347418212921745
2012,Chile,Ambos,Total,Indicadores complementarios,443.2219208262239,216.126684128294,575.2732452241801,4034.573852175528,14.564910455995145,8.317211609182158,21.12968358503717,21.389882265674814,32.375476706763784
2013,Chile,Ambos,Total,Indicadores complementarios,435.66169167964273,206.93510961421853,544.2770242796993,4087.207553692279,13.219774794493588,7.378985428281306,19.675633303899563,19.71295416723641,30.372106802782824
2014,Chile,Ambos,Total,Indicadores complementarios,437.5729365942079,205.85111544029664,517.4949997454859,4152.106615154796,12.974540686762168,7.31090624044142,19.34996248345436,18.863148751854833,29.401725362510927
2015,Chile,Ambos,Total,Indicadores complementarios,420.0504694599741,205.92513925054635,518.1133655395869,4204.367445118536,12.91814495930347,7.331846923274779,18.72689621699989,18.75154543812856,28.742357966840153
2016,Chile,Ambos,Total,Indicadores complementarios,451.5551429288919,203.9559248560391,497.46885424892895,4264.218564263468,12.899386940936585,7.484747250017174,19.47267258862824,18.27768764284467,28.86708722740574
2017,Chile,Ambos,Total,Indicadores complementarios,446.693154865898,210.8271852559013,470.42614141726284,4372.250183009855,13.22133231374291,7.818034189364939,19.26635041542348,17.73622383301035,27.952774491563805
2018,Chile,Ambos,Total,Indicadores complementarios,458.2141121489619,227.80909441434767,444.15691359984135,4480.259947161674,14.20151789667269,8.557234474767386,19.91011888675404,17.622542511737784,27.849942652643644
2019,Chile,Ambos,Total,Indicadores complementarios,457.7882005101912,247.86638856382365,454.4830001540449,4598.07237586518,14.209403127624794,8.227478615105161,19.27558592017866,17.29846476783187,27.25455425683329
2020,Chile,Ambos,Total,Indicadores complementarios,292.42284293655325,197.80163541074938,918.7250474438202,4585.129854407629,16.53121781040824,11.136242464667538,19.111980505953596,28.941923535881607,35.31955846055993
2021,Chile,Ambos,Total,Indicadores complementarios,246.6723890973175,171.9196089816317,568.9288625198508,4360.886082632669,14.079785016185106,9.545988905043409,16.051135845756484,21.346778163804334,27.003252201952133
2022,Chile,Ambos,Total,Indicadores complementarios,233.07338227813,188.75650818640702,462.4125304722356,4569.10635789829,13.448234799751718,8.851921655445228,14.527372323853418,18.076485553400648,23.177557054510107
2023,Chile,Ambos,Total,Indicadores complementarios,247.6940938941495,240.24680251432045,494.5704097326451,4799.225948206221,14.983617111977003,9.40252472567397,15.156622624573018,18.73878664597672,23.899912556014957
2024,Chile,Ambos,Total,Indicadores complementarios,285.1439707411684,265.38762772652717,540.3203746411496,4951.483464276918,15.564167311435165,9.547893999072993,16.012038827703957,19.418292669310492,25.177051085820906
2025,Chile,Ambos,Total,Indicadores complementarios,311.8383105766328,302.1417765325575,567.3640740585527,5046.795234975916,16.26834800813631,9.523255480122543,16.48481598578215,19.69471122348152,25.873648470934974
2010,Arica y Parinacota,Ambos,Total,Indicadores complementarios,11.130959736162598,11.744075617878769,10.638245739378007,115.52142415736235,18.966866381312176,7.769574503795035,18.382296108972827,16.26297681624819,25.898384116109813
2011,Arica y Parinacota,Ambos,Total,Indicadores complementarios,9.932506612775276,10.34669002051064,10.002496973961499,114.50999164502562,18.38131617788163,8.480887454490352,17.98499684304445,16.475121260164272,25.149042609809875
2012,Arica y Parinacota,Ambos,Total,Indicadores complementarios,7.131740115862009,7.106087319469497,9.721542780351548,113.28217910035082,13.531784045637144,6.670019216854229,13.556554843986863,14.679323134542809,20.97487656801302
2013,Arica y Parinacota,Ambos,Total,Indicadores complementarios,6.1037648371739825,5.993060294618732,9.240806150291588,114.4378692094355,11.95101975189469,6.254035330143946,12.056255144724059,13.823979552897766,19.1576727432204
2014,Arica y Parinacota,Ambos,Total,Indicadores complementarios,6.177063418235178,4.75998682671005,7.273437272766475,111.63647758317622,11.869708497715601,7.308719461221172,13.227542255059465,13.347822712476104,18.88101719510646
2015,Arica y Parinacota,Ambos,Total,Indicadores complementarios,7.040796260970174,4.673029623128988,7.547119295331332,115.33385614967956,10.266533980620617,5.931093684804227,12.46324825822301,12.086695185032935,18.19140415429923
2016,Arica y Parinacota,Ambos,Total,Indicadores complementarios,7.221573879382818,3.7263546224701636,6.623899289549915,116.56961515339918,9.495311401863184,6.1060437135389956,12.674352285312377,11.441431580441323,17.636505545367452
2017,Arica y Parinacota,Ambos,Total,Indicadores complementarios,6.7603871141473375,4.682512083552621,8.048446624394302,119.80130391230763,11.400730730311926,7.210670451594506,13.260079189959272,13.444408664747229,19.087408276083526
2018,Arica y Parinacota,Ambos,Total,Indicadores complementarios,8.21954882354806,4.977745240531924,10.61309840749931,126.44025907032405,12.394381849013437,8.096818814534638,15.193210348706259,15.810956013044281,22.311693107371553
2019,Arica y Parinacota,Ambos,Total,Indicadores complementarios,9.507815950748638,3.967461579607162,10.008377133948892,130.65654855096523,10.14003750734173,6.851581882188687,14.73219527158287,13.986811675819464,21.263764921710482
2020,Arica y Parinacota,Ambos,Total,Indicadores complementarios,7.313368841359933,3.5632891883626705,25.578746741718675,131.38930125768087,11.030596222905748,7.6629839798141335,14.574741388907633,25.639068219993327,31.20525113698514
2021,Arica y Parinacota,Ambos,Total,Indicadores complementarios,5.058129668706113,1.0980142586581523,12.981517107940453,124.33738121878284,7.107212324243902,6.1211715194550305,10.663482523095851,15.922645589824965,19.99071395279449
2022,Arica y Parinacota,Ambos,Total,Indicadores complementarios,2.5234131390097505,1.9778576253115259,8.132537354217748,127.11103200354286,8.504587709851306,6.842222060377402,8.963120586154863,12.802437291017545,14.787641170834537
2023,Arica y Parinacota,Ambos,Total,Indicadores complementarios,2.547965632910022,2.4637738445668633,7.83370759100632,130.84058289054002,10.172216062259134,8.16925985467534,10.240660844827703,13.667364114620293,15.614745864701323
2024,Arica y Parinacota,Ambos,Total,Indicadores complementarios,2.8633281457571633,3.801774938439794,9.553747630624997,134.85492152424638,11.04259254553632,8.008482951585156,10.293639631911299,14.525588357196002,16.648853947649332
2025,Arica y Parinacota,Ambos,Total,Indicadores complementarios,2.3133558091351616,3.193512066623545,9.35536117018011,135.9871094104128,9.523611711892292,7.001722761449039,8.828559902437174,13.399626765316071,15.10078492594245
2010,Tarapacá,Ambos,Total,Indicadores complementarios,18.7139057469097,18.878243183015908,15.036226436345245,160.6095655232926,18.907273552958713,5.939072575071958,18.79438376342929,14.745032537455028,26.396832781068596
2011,Tarapacá,Ambos,Total,Indicadores complementarios,16.845842627253884,17.44369365278486,14.533139240884728,167.64358861723684,17.32934220591659,5.936459666654033,16.93887177887119,14.090893369909516,24.13949872738385
2012,Tarapacá,Ambos,Total,Indicadores complementarios,13.644733376418065,13.29651156661278,15.373506829481055,166.97060490634686,13.48705132264438,4.716097435472399,13.716753483320785,13.489184935736292,21.66112237590508
2013,Tarapacá,Ambos,Total,Indicadores complementarios,13.174083429512645,13.09383128468326,17.20872171466849,171.0382963295002,15.356174637532858,6.844267016733392,15.408344153720059,16.216969618650637,23.919386979107248
2014,Tarapacá,Ambos,Total,Indicadores complementarios,12.625369910224222,14.879692121844013,11.787846702879987,168.82111690889835,15.87984400407572,6.404341072548703,14.444274198605672,12.939609288356152,20.418158264570604
2015,Tarapacá,Ambos,Total,Indicadores complementarios,17.470262554398044,15.322879922160217,17.740989862768718,182.3748576980971,16.638451887019638,7.331205374724481,17.94279021088487,16.34580402495917,25.92511927427839
2016,Tarapacá,Ambos,Total,Indicadores complementarios,22.392992772836777,17.967304398796497,15.480436298377917,187.6235100447983,18.31771243794917,7.880287331166381,20.88864850741871,15.480898488340985,27.41596609660078
2017,Tarapacá,Ambos,Total,Indicadores complementarios,15.544012599682608,16.25904404088237,15.23024715198814,190.55461924111503,17.038388624276422,7.764695613348644,16.630555170958093,15.136684219775754,23.293932079516303
2018,Tarapacá,Ambos,Total,Indicadores complementarios,16.090380116786726,14.956884818827914,12.269847544959468,187.51239534417053,17.36723906805928,8.83227709297708,18.014054189269196,14.797824378729121,23.378793166021055
2019,Tarapacá,Ambos,Total,Indicadores complementarios,17.111086608482875,15.450169228132223,12.069025934827435,195.9299600659129,16.06925219871792,7.666070032180642,16.972607437393297,13.353717776666796,22.086984808787115
2020,Tarapacá,Ambos,Total,Indicadores complementarios,10.912477562887544,12.087724887594272,26.605676147212137,195.71029629585982,17.606805810075834,10.458730921897837,16.911823423625567,22.631345505756926,28.207177625693475
2021,Tarapacá,Ambos,Total,Indicadores complementarios,12.90566285636432,14.140230604543705,19.16968337152251,203.13029970322765,17.68452055680562,9.997967376832024,17.013416179794127,18.49158192227522,24.844973255433995
2022,Tarapacá,Ambos,Total,Indicadores complementarios,8.53111796155616,19.933633105163203,14.356957380521335,218.90647593962177,19.16218310726879,9.417044988352227,13.587730904237805,15.35791822621207,19.25507016058846
2023,Tarapacá,Ambos,Total,Indicadores complementarios,7.712063092844954,13.960630591447075,12.074159028433597,216.88702437829153,14.021637855506494,7.205351892415379,10.970771159252614,12.371254930876056,15.927052293559068
2024,Tarapacá,Ambos,Total,Indicadores complementarios,10.607269964727895,12.290921156950786,17.52135216830127,226.07031322120264,13.171339502698014,7.277797240536842,12.364022514052932,14.464138274087551,19.156160775223743
2025,Tarapacá,Ambos,Total,Indicadores complementarios,10.218703915616684,15.189303470289934,18.323849920729792,227.18569881926786,16.983650762513484,9.711234306184657,14.603800358580745,16.993549173273,21.49150127533112
2010,Antofagasta,Ambos,Total,Indicadores complementarios,15.423940051040393,36.381177618885765,20.757170469442226,291.04110309451204,21.28946222039171,7.829106931957782,13.535676279694798,14.402772711092743,19.702347199728344
2011,Antofagasta,Ambos,Total,Indicadores complementarios,19.381033815376274,39.0534658862126,15.395815411920875,289.1013489009302,20.680855515434654,6.412431567849104,13.493411469249061,11.396347879238105,18.10023697870329
2012,Antofagasta,Ambos,Total,Indicadores complementarios,13.959324293918604,25.72856736098433,13.802832556817577,281.72037186366003,15.082721311036861,5.479554819007486,10.689861068472988,10.110564885473273,15.065593235597092
2013,Antofagasta,Ambos,Total,Indicadores complementarios,16.024182956074764,23.441246797978216,11.359379205773891,287.8267081995074,14.584588278748079,6.105739481930737,11.901788879303826,9.811373740622155,15.378676044259517
2014,Antofagasta,Ambos,Total,Indicadores complementarios,18.554817879262984,24.926509266989754,17.549471486984217,301.93099688388793,15.607916776113306,6.842752009449758,13.36737341492486,12.257434451096481,18.402818022429013
2015,Antofagasta,Ambos,Total,Indicadores complementarios,17.92211127777325,24.410486313804817,21.387486160768894,312.75668296134876,15.480118944079754,7.102264805122181,13.253262053482507,13.454963673247608,19.185332440455728
2016,Antofagasta,Ambos,Total,Indicadores complementarios,20.513106982833506,25.488791905230862,23.957202024940198,327.8582308845242,16.684749637226886,8.297548053579789,15.047478140954215,14.998414344280134,21.25511466487037
2017,Antofagasta,Ambos,Total,Indicadores complementarios,22.4803666419687,29.085726739376668,22.773588264284047,328.4310969136548,18.423310509541434,8.907520477783434,16.262277356259673,15.22392182377741,22.068695918929194
2018,Antofagasta,Ambos,Total,Indicadores complementarios,24.211840699843776,31.54416718322056,22.72651153887085,350.8764688904582,18.384825672475273,8.772096346588626,16.150381839980493,14.680990754932441,21.581379594459488
2019,Antofagasta,Ambos,Total,Indicadores complementarios,22.188180037409193,29.35217846202758,20.874707734507446,363.91259633334255,16.723149768052014,8.166608511947963,14.634751179231317,13.434343750839586,19.53146164699642
2020,Antofagasta,Ambos,Total,Indicadores complementarios,16.356949563405667,23.532112570567357,56.55625825654226,382.9508352360429,18.649544797622177,11.439831698729208,16.451235293352344,24.518878116273388,28.7901704228494
2021,Antofagasta,Ambos,Total,Indicadores complementarios,17.599360004918516,23.712187298186315,35.547543309223116,378.69939004866245,16.457516213709223,9.547401195097253,14.676139440904217,18.037955333660545,22.685272035875727
2022,Antofagasta,Ambos,Total,Indicadores complementarios,12.937772051398701,17.792256737083257,30.16517188387564,388.5496141019426,13.476900498335365,8.512327642726536,12.122353784298392,15.615001951878693,18.944762574933705
2023,Antofagasta,Ambos,Total,Indicadores complementarios,8.03791335760176,15.477409304636708,24.907182663947886,393.76690817730724,12.799855882050206,8.603840911021294,10.782965603047517,14.384978893767666,16.42626605901173
2024,Antofagasta,Ambos,Total,Indicadores complementarios,11.511902560467,20.392169971321135,28.494783197529053,405.5194602957742,14.069809099739697,8.66109948203811,11.714454675938914,15.07924317817954,17.91804715372009
2025,Antofagasta,Ambos,Total,Indicadores complementarios,11.20703537578069,22.174706508350546,32.584941122951406,416.2183114446352,12.90420316972819,7.124021302400893,10.045309241034433,14.395105284971704,17.087691138987267
2010,Atacama,Ambos,Total,Indicadores complementarios,9.597611431930188,10.101869191966966,18.053809619352357,151.35761514131715,15.740145948058522,8.162065823179827,15.361868855321145,19.116417726220096,25.45743428027273
2011,Atacama,Ambos,Total,Indicadores complementarios,9.595275236636367,7.272189409704792,23.149016047233836,157.30604837106313,11.953137896422362,6.532483247360714,13.684754783507408,20.28707862120242,26.3868283358494
2012,Atacama,Ambos,Total,Indicadores complementarios,8.051890809497637,7.928101601885143,18.64523568330902,153.93028782177183,11.197479479547944,5.3371856210876505,11.288981981602495,16.803483186799813,22.03435160356034
2013,Atacama,Ambos,Total,Indicadores complementarios,8.635250415970159,12.519350119417373,14.525415318243773,154.8479010328951,15.032853590537268,6.1110118374801505,12.264872618944725,14.918212566539827,20.494814095117043
2014,Atacama,Ambos,Total,Indicadores complementarios,10.66099915997283,13.929362463475869,10.890696227665627,154.82644298294016,17.12749276575071,7.450006263972149,14.856782829420547,13.960094904079298,20.84586903579369
2015,Atacama,Ambos,Total,Indicadores complementarios,7.594364259901851,13.999885030638923,12.630478004545626,151.87771145875016,16.686548766336045,6.632571618385602,12.0864424576935,14.39720830660209,19.397523485807618
2016,Atacama,Ambos,Total,Indicadores complementarios,11.716494041549486,13.595856452471647,10.045880825497708,153.6637320184972,18.07703834782883,8.610348559940977,16.768452823598558,14.585015028018775,22.209777154802936
2017,Atacama,Ambos,Total,Indicadores complementarios,12.586283107098662,14.340437719150218,9.950822580043459,159.23002004820884,17.380762171958732,7.774307982513886,16.205679078130046,13.537803448443508,21.44226964350397
2018,Atacama,Ambos,Total,Indicadores complementarios,12.487676159153182,18.683392019813677,10.807550878610485,167.55206135109916,20.86815423166995,8.948507436069459,16.915406003368876,14.821569399754145,22.274581949080957
2019,Atacama,Ambos,Total,Indicadores complementarios,15.560000026123063,19.85270801426869,13.603802428682755,174.4306120701699,21.57609617625117,9.231942823632869,18.906946674551254,16.310922264271113,25.231374839340674
2020,Atacama,Ambos,Total,Indicadores complementarios,8.476711588926904,10.930060194435724,23.77387601324198,167.23228601327435,18.473375431900365,10.854400570521891,16.763229191252453,23.52741054058426,28.59623534170792
2021,Atacama,Ambos,Total,Indicadores complementarios,5.296265336868631,8.80641887404893,9.127369405271962,157.045911201399,16.06087716729648,10.10731734503523,13.687845703791199,15.331800524164557,18.704231742750434
2022,Atacama,Ambos,Total,Indicadores complementarios,5.385053669998033,10.270792609784012,6.869510557365792,162.76006954309992,15.245663601849005,8.657200081922877,12.111580966201336,12.512447441659482,15.82103147281341
2023,Atacama,Ambos,Total,Indicadores complementarios,8.831305673485902,15.048605113681937,13.309064978403521,176.97538804633908,18.851722948643644,9.65703656992206,15.052957678151607,16.451090725732755,21.44122284013361
2024,Atacama,Ambos,Total,Indicadores complementarios,12.54796547549782,16.85879808317364,17.11191381592361,185.1504638827012,19.44095996462317,9.408263255163318,16.87557683916611,17.780902238096605,24.558074280964053
2025,Atacama,Ambos,Total,Indicadores complementarios,12.830604517251944,17.68411051709141,20.104903603677965,188.59525185811052,20.238612681253862,9.742990409533506,17.358028689279244,19.36469858879237,26.167947552294923
2010,Coquimbo,Ambos,Total,Indicadores complementarios,30.312819660167044,23.641785779491073,27.977199979777662,346.2729610301257,16.28981582304407,8.86220016725423,18.38567593084511,16.225698732237028,24.979723178728484
2011,Coquimbo,Ambos,Total,Indicadores complementarios,25.85757857761904,25.71388534749416,36.80880357913456,370.61197660442593,15.638664969088497,7.935357323913449,15.681712262145231,17.079123750178503,24.056118615408728
2012,Coquimbo,Ambos,Total,Indicadores complementarios,31.821681623395026,22.43261425298048,33.338732931039814,377.6212663127608,13.230956780577369,6.715199494654163,15.958096980862951,14.950956661988144,23.377834187746732
2013,Coquimbo,Ambos,Total,Indicadores complementarios,28.749855812210388,23.5870675893013,36.36743752262183,379.06607734926644,14.247609695492047,7.364866419582665,15.754119387366138,16.252241561256163,23.83663318322677
2014,Coquimbo,Ambos,Total,Indicadores complementarios,35.43578652853723,28.18185525781099,37.3666271936555,403.81268782664336,15.432697843749207,7.742110255188287,17.41223372911144,16.279152987356486,25.054455893081386
2015,Coquimbo,Ambos,Total,Indicadores complementarios,40.50413666884519,27.219674490935162,36.84426790709709,413.74489435292395,15.385864538762473,8.163888086344045,18.910523625477854,16.341957126168026,26.131597366246783
2016,Coquimbo,Ambos,Total,Indicadores complementarios,42.990778727102345,35.48245889614296,36.78677547373418,420.34652163105284,17.345550781477336,8.09472108633261,19.30308670806537,16.137844286518114,26.365305800957927
2017,Coquimbo,Ambos,Total,Indicadores complementarios,42.5473284484117,28.308578956292912,29.93348169608622,407.8025372692506,15.806927244073353,8.31528998540619,19.575097535372006,15.045122044348986,25.478438308960634
2018,Coquimbo,Ambos,Total,Indicadores complementarios,44.81530786831093,24.914194319628383,28.72818449233927,418.4383159843734,14.03324022613496,7.640233653726244,19.139885381212057,13.981260050946018,24.691394891940018
2019,Coquimbo,Ambos,Total,Indicadores complementarios,52.47880024262211,30.549722705725664,36.12835091895825,443.89005453334545,14.580873380128697,7.088820439665221,19.958788309980562,14.65089051798448,26.473367662193585
2020,Coquimbo,Ambos,Total,Indicadores complementarios,33.25054817493277,22.81050038491837,73.24892548141605,442.0129071932639,18.83928271154539,12.653618840841638,21.67037476710635,27.12837389997638,34.65090268450222
2021,Coquimbo,Ambos,Total,Indicadores complementarios,21.718186202581943,13.395272749135843,45.22545895227687,411.61455452695486,13.420317262309183,9.764293403813754,15.691922382104487,19.67879035202183,24.955131036218823
2022,Coquimbo,Ambos,Total,Indicadores complementarios,19.930665821472893,17.071057114953252,41.94152408733787,430.8366842255919,13.302524125885581,8.91289451237113,14.037840221231956,17.780133929836552,22.40617125469836
2023,Coquimbo,Ambos,Total,Indicadores complementarios,18.285858484627585,20.58385834747939,41.13380230873083,449.1251753251932,14.9729662009649,9.927796202566713,14.409719030844197,18.177193983113497,22.24863319187919
2024,Coquimbo,Ambos,Total,Indicadores complementarios,22.610030891830686,26.83985577458201,47.398809596357,462.0413960538268,14.907136924974399,8.434126999995312,13.887023453541289,17.827470143962902,22.720977757119854
2025,Coquimbo,Ambos,Total,Indicadores complementarios,27.923729977443983,31.50965255861924,48.88273991330513,474.71616561529004,15.819504850031688,8.419979435446,14.977409710303313,17.850208803577804,23.732403681279393
2010,Valparaíso,Ambos,Total,Indicadores complementarios,91.12026442117332,77.99594052331513,82.63769722924152,901.324435855804,19.91992265948947,10.39296480816749,21.52301738163871,18.608562598725232,28.71815918751126
2011,Valparaíso,Ambos,Total,Indicadores complementarios,111.71295720486302,90.80262773478532,92.99591742649481,947.6275773084985,19.549524547680278,8.924756943432838,21.996231176003025,17.862472545739745,29.651170962701823
2012,Valparaíso,Ambos,Total,Indicadores complementarios,106.68585567044659,82.97720570906999,110.00301040038526,969.854424784798,17.31425986129534,7.664080269688191,20.071556013253193,18.137022268871654,29.137214972443555
2013,Valparaíso,Ambos,Total,Indicadores complementarios,109.76812257920179,80.19607730876722,116.85396075659155,980.4954658329011,16.470802573193694,7.184996270764857,19.894913746245948,18.246547477619004,29.44171628810984
2014,Valparaíso,Ambos,Total,Indicadores complementarios,101.57834802626664,79.93973906317277,103.0795109124717,991.3669191783102,16.492353815015914,7.493043645885483,18.928345675503717,17.11165370086594,27.357945569315557
2015,Valparaíso,Ambos,Total,Indicadores complementarios,86.19464443148955,73.31699276624963,103.61480175334991,1003.2876611006462,15.365163445163155,7.215868731589118,16.796533918490823,16.798174724156052,25.38939414939354
2016,Valparaíso,Ambos,Total,Indicadores complementarios,95.74700333237948,77.2745747020732,101.36977897677124,1013.3990806425045,16.106057507656466,7.6332403995944045,18.131478028309495,16.8726389587063,26.320743378899277
2017,Valparaíso,Ambos,Total,Indicadores complementarios,95.95813586848367,78.74762348805919,103.79867161621195,1043.129644129895,15.946749421768953,7.563375957852634,17.778959035209947,16.761464458410394,25.960525803131844
2018,Valparaíso,Ambos,Total,Indicadores complementarios,94.78371128311593,73.40564226160033,94.05889801238771,1046.3926014131257,15.5423511306216,7.834376289505267,17.78715974604449,16.11902680129814,25.177167231105564
2019,Valparaíso,Ambos,Total,Indicadores complementarios,94.52329551234939,72.10744960511968,100.76066454740446,1058.5202910337755,15.71772876779832,8.188966058343501,18.05817466751371,16.92846861781823,25.858226158888677
2020,Valparaíso,Ambos,Total,Indicadores complementarios,55.72910000624125,51.89482037330234,170.27407332654028,1034.0857048604078,17.98847806690567,11.980823333065972,18.432357205940928,26.47419044130811,31.86340525631846
2021,Valparaíso,Ambos,Total,Indicadores complementarios,48.52182428669887,39.90280163154633,106.9984411610024,1007.4664846635098,13.928042159320508,9.496702044646554,14.885213567827973,19.108646410604177,23.924868590233807
2022,Valparaíso,Ambos,Total,Indicadores complementarios,44.81456949024454,51.225842823384106,88.86098586598294,1047.7712169361641,13.766214393817252,8.424124888085933,13.097614443018488,16.1906319389096,20.467765034938797
2023,Valparaíso,Ambos,Total,Indicadores complementarios,58.003926237311674,68.12345508451983,101.77471362170617,1089.0072762792465,15.621838752028665,8.721392224906657,14.59679873309257,17.25196347860693,22.57827557043157
2024,Valparaíso,Ambos,Total,Indicadores complementarios,58.400485243613424,65.0053425419924,105.21851444393225,1096.6048936733732,15.245839991268003,8.688826106074412,14.579615657672393,17.45007286384429,22.77564505311159
2025,Valparaíso,Ambos,Total,Indicadores complementarios,70.3599054209492,79.15878715059051,113.843727082404,1119.6165015244717,16.5157392077771,8.64529479308291,15.640901276861511,17.93433270303589,24.218618913997144
2010,Región Metropolitana,Ambos,Total,Indicadores complementarios,296.9007401606071,282.5623382894202,296.1089786877623,3711.1832329625754,16.715770595731136,8.441797110799634,17.135626821499546,15.74706991630475,23.747233786510535
2011,Región Metropolitana,Ambos,Total,Indicadores complementarios,288.7664306955301,285.3579507642803,252.1372390269309,3829.120562344288,15.371854479156784,7.394239685592854,15.467143710980455,13.49207869157319,21.033403807717868
2012,Región Metropolitana,Ambos,Total,Indicadores complementarios,253.77435179869227,198.24133267819388,198.16342686044536,3795.4189204805516,12.280750813823174,6.769845818896243,13.824511584193495,11.637505285829617,18.32383839201967
2013,Región Metropolitana,Ambos,Total,Indicadores complementarios,236.4595016783667,161.4239159630508,162.27604205624218,3809.9646297820286,10.52042536737953,6.095049897932089,12.577497508016902,10.094699530617605,16.30104328063543
2014,Región Metropolitana,Ambos,Total,Indicadores complementarios,235.10997758450767,181.79969024226114,170.9861102113931,3872.386516743087,11.623652738016526,6.712006596695326,13.06392618825369,10.831159230991988,16.902608363664044
2015,Región Metropolitana,Ambos,Total,Indicadores complementarios,235.01283861834509,187.4449416468752,180.30347751861254,3951.5913225505387,11.450578961438215,6.480262471441191,12.71189602144818,10.74738741343635,16.694683564159167
2016,Región Metropolitana,Ambos,Total,Indicadores complementarios,274.9519380331216,181.45595989142126,177.08866322820302,4003.8985921995204,11.938070809784316,7.1963678441447785,14.381254032287163,11.300985077263585,18.168090517166306
2017,Región Metropolitana,Ambos,Total,Indicadores complementarios,274.7269103314637,198.56195040399118,179.50007738818337,4174.7766714752,12.299208773833762,7.32929127931382,14.20558391792757,11.313791695979948,17.89442898392345
2018,Región Metropolitana,Ambos,Total,Indicadores complementarios,297.3436920406465,244.50317192940375,169.02984917575995,4307.447352336653,13.883126815317398,7.974994739647075,15.159955943139414,11.586175907332825,18.489189867082022
2019,Región Metropolitana,Ambos,Total,Indicadores complementarios,306.2076565026697,259.2285221769918,171.2122765108227,4405.027898339325,14.02618397918831,7.903373131203482,15.135800895037576,11.482935737633046,18.43425735396398
2020,Región Metropolitana,Ambos,Total,Indicadores complementarios,242.37734642551695,253.915221325418,585.7157627804929,4559.719202834441,17.915871253537844,11.526465075218805,17.625537461080317,22.891275426290846,28.206895438041762
2021,Región Metropolitana,Ambos,Total,Indicadores complementarios,205.25946060261154,242.32430399020282,315.4947922435665,4496.2638350702855,16.03470099701045,10.238535231623862,15.148145365548663,16.536936686113766,21.10204825722785
2022,Región Metropolitana,Ambos,Total,Indicadores complementarios,179.6365028063924,219.4457091306363,234.43736810630156,4593.762059192017,13.947268753918394,8.913330594198932,13.034072120374468,13.561834101762118,17.472278319197017
2023,Región Metropolitana,Ambos,Total,Indicadores complementarios,173.2932728353633,264.57362735218425,243.80478525662363,4735.235696148179,15.68318844786325,9.79255731936024,13.650866091629974,14.437100400751628,18.09675504004079
2024,Región Metropolitana,Ambos,Total,Indicadores complementarios,195.96521147996123,279.7715517448373,258.01448451998726,4802.3285183568405,15.331986573960831,9.175467687685254,13.487784354641125,14.055193178507983,18.135822205257956
2025,Región Metropolitana,Ambos,Total,Indicadores complementarios,221.31124316873382,305.9497857919219,269.5778554118917,4860.1671191332925,15.977223334184476,9.312506274660377,14.133483069899208,14.342650191916478,18.896222893099644
2010,Libertador General Bernardo O'Higgins,Ambos,Total,Indicadores complementarios,34.78698213565641,31.31333895186139,48.1773292638801,449.22409592917495,14.922834985872651,7.114932877040829,15.7889791547132,17.07645208990588,24.820244653771585
2011,Libertador General Bernardo O'Higgins,Ambos,Total,Indicadores complementarios,37.52240326341439,28.19958421855152,45.88829686397656,454.36308749502,13.108980146847642,6.2053511187290145,15.391328839764592,15.678120387564883,23.93636237422839
2012,Libertador General Bernardo O'Higgins,Ambos,Total,Indicadores complementarios,40.99191857155531,33.569102199338765,53.00075579504848,483.49058097741795,13.932707697445263,6.134822536020647,15.656979895765396,16.424423914335023,24.902752176425796
2013,Libertador General Bernardo O'Higgins,Ambos,Total,Indicadores complementarios,41.381710703639314,34.54769959670819,50.74962084184,494.6720504070513,13.003552050062359,5.221178983095442,14.543012697190399,14.944771060890261,23.310254954631073
2014,Libertador General Bernardo O'Higgins,Ambos,Total,Indicadores complementarios,38.3816601082219,30.47110694098445,53.71487362347466,499.2275838011739,12.436828444413756,5.597268933568238,14.212435062703547,15.754621879361785,23.442830895374023
2015,Libertador General Bernardo O'Higgins,Ambos,Total,Indicadores complementarios,36.17638824524752,25.356291176062484,49.46621956554313,497.29953756209636,11.702925534955526,6.0409325216849865,14.119024702741944,15.387009706555999,22.661576745687878
2016,Libertador General Bernardo O'Higgins,Ambos,Total,Indicadores complementarios,43.23578046594892,25.638393142869667,51.52489375551268,513.064301191922,12.34296244001447,6.787988643675721,16.15572187930543,16.14887960941783,24.575850725027703
2017,Libertador General Bernardo O'Higgins,Ambos,Total,Indicadores complementarios,48.166465824790556,20.208764067900614,45.32543013783653,514.6205726970044,11.699671285002763,7.393476262889845,17.657052732513716,15.54983600567383,24.909443526290726
2018,Libertador General Bernardo O'Higgins,Ambos,Total,Indicadores complementarios,49.064441470579794,23.179766968372945,47.719092993994465,524.2075521078268,13.308293966689305,8.443587062458633,18.740676222147677,16.77805108457256,26.137786798660002
2019,Libertador General Bernardo O'Higgins,Ambos,Total,Indicadores complementarios,51.47023677882165,21.94999685509292,51.80849206448756,535.1508490401193,12.758891214061965,8.217597338549302,18.866413035332233,17.103144074529325,26.72103721085564
2020,Libertador General Bernardo O'Higgins,Ambos,Total,Indicadores complementarios,24.017673707263796,18.909642605685704,84.13773651574901,531.2235253492871,15.403534785455673,11.174001421171916,16.546051776412842,25.24269022643468,29.763889413061783
2021,Libertador General Bernardo O'Higgins,Ambos,Total,Indicadores complementarios,28.072304549072555,14.730907845454844,56.39566406005305,496.9617365893467,12.600575473669547,9.256943550111618,15.628815171525678,19.55454706874847,25.203332977646216
2022,Libertador General Bernardo O'Higgins,Ambos,Total,Indicadores complementarios,24.052856208300476,14.112212531544607,48.6020725677402,512.3810085965722,10.561368102932315,7.518493268559225,12.704769388440004,16.290857633988804,20.985187791576422
2023,Libertador General Bernardo O'Higgins,Ambos,Total,Indicadores complementarios,25.847086036042167,19.554014290651388,55.46685472164205,529.9003921509227,13.428607135680776,9.307057382557323,14.755046193823631,18.800260910904914,23.677986313433124
2024,Libertador General Bernardo O'Higgins,Ambos,Total,Indicadores complementarios,26.43797335461805,27.358273457855212,58.01302417530139,554.702363520284,14.793043235322745,9.28491747326504,14.607756370810854,18.77226892835848,23.538423733763643
2025,Libertador General Bernardo O'Higgins,Ambos,Total,Indicadores complementarios,31.090471361507575,28.997789173681408,63.87170857819975,567.4595020741551,14.651110097725251,8.892871008493971,15.066664687183936,19.147643324530513,24.6265314650704
2010,Maule,Ambos,Total,Indicadores complementarios,42.509601980788254,32.44223267958894,91.5704857511269,528.1432893622925,15.195968910655527,7.764852631483067,17.50196901371413,23.756757514076625,31.8056341801262
2011,Maule,Ambos,Total,Indicadores complementarios,50.892546823333824,32.19310340892413,84.49747928226353,546.9414145895234,14.311853282935424,7.35033839410156,18.355466353995656,21.6638693376826,30.968805015579363
2012,Maule,Ambos,Total,Indicadores complementarios,47.45876112837283,30.22574475880578,88.68344138731666,558.8498524794356,13.295210624537171,6.866477298267359,16.960512092912502,21.645762405115196,30.137982796301426
2013,Maule,Ambos,Total,Indicadores complementarios,52.09379389291599,34.050040351260414,90.50727122637043,575.808836792326,13.58530001187685,6.569035740907219,17.3033497405261,21.254780527746743,30.301844512230947
2014,Maule,Ambos,Total,Indicadores complementarios,54.28124496924426,30.520655457731248,87.26122044816736,588.0980592935946,12.596336225132607,6.502404411312734,17.340513903094156,20.37545529306201,29.605420281289526
2015,Maule,Ambos,Total,Indicadores complementarios,57.528466105320675,32.15188884299633,80.17432736727402,598.8178917711348,12.508701302865527,6.3094748881017875,17.40157552400672,18.853480227214167,28.460485444638056
2016,Maule,Ambos,Total,Indicadores complementarios,56.10217282110407,24.650057138042825,81.23483737172495,595.8294626568546,10.126740254989322,5.336550865742479,16.23875816921337,18.242877889548474,27.65868834157608
2017,Maule,Ambos,Total,Indicadores complementarios,52.143772692212615,28.230502755135298,75.38184778266837,595.9852427500158,11.617029641601695,6.194379111843636,16.210405360670368,18.059171270658396,26.808343054108775
2018,Maule,Ambos,Total,Indicadores complementarios,56.40932794411032,26.003988065013765,81.40057861487378,621.0763096473634,11.581787459642086,6.7633406461706365,17.215789163021647,18.98328512260509,28.0657967347673
2019,Maule,Ambos,Total,Indicadores complementarios,56.28463548468363,26.47558813360407,86.25911702074707,631.6333207038971,11.758067373346945,6.90349450304929,17.223864462715323,19.61723536924509,28.528202165923833
2020,Maule,Ambos,Total,Indicadores complementarios,41.04007712885984,29.322453416112573,114.67597250567268,617.0171800869779,14.600937810591793,8.763779127692647,16.93354033969065,25.720523111384214,32.37189011595848
2021,Maule,Ambos,Total,Indicadores complementarios,32.413089187365415,19.442061869531674,91.26717793791875,585.7357267136596,11.754246770778883,7.82233605215614,14.37747272720196,22.185119255821277,27.718858740899805
2022,Maule,Ambos,Total,Indicadores complementarios,30.964384609953164,22.96363193502894,76.51843735731752,604.9872077030202,11.641432907514867,7.296118061377967,13.155382855719083,19.02125223377313,24.13944055506291
2023,Maule,Ambos,Total,Indicadores complementarios,41.58007072454224,38.17341286416859,77.21885126890629,634.2790791570077,15.60935788912777,8.756703372956387,16.2208999971129,19.86490918181345,26.420394313028
2024,Maule,Ambos,Total,Indicadores complementarios,42.11666701542806,35.0508371754593,85.98388135502849,656.5931423069829,14.511512113852074,8.368808240279542,15.749807795941207,20.36833277537439,26.782756609812935
2025,Maule,Ambos,Total,Indicadores complementarios,37.82817270746326,32.73978349641199,84.41111116681486,648.0736892588266,13.79528216702661,7.986881047471078,14.698018912168601,19.9715206670643,25.80853786656297
2010,Ñuble,Ambos,Total,Indicadores complementarios,20.694692522276096,16.107468687462298,36.24743170134695,237.87587182666744,16.725616012898843,8.736927176417819,19.000703709834177,22.64355828458805,31.343344590513038
2011,Ñuble,Ambos,Total,Indicadores complementarios,27.75378609232867,19.276926832693785,45.43292252939955,257.1236345239879,18.3100466588232,9.20387159282098,22.31440716182514,25.24725661858737,36.041202551915966
2012,Ñuble,Ambos,Total,Indicadores complementarios,31.773876796106705,22.86139107024642,44.25771455245025,269.25244620008954,18.351903801294746,8.191047632427068,22.313101319385076,23.28192039732674,35.082695931412175
2013,Ñuble,Ambos,Total,Indicadores complementarios,31.417276528946925,23.344428105744488,41.84583868354978,267.5121655322423,17.694503889282327,7.34983774802115,21.271842403156054,21.84272533646892,33.58696749698491
2014,Ñuble,Ambos,Total,Indicadores complementarios,28.052397221470336,23.285102882233616,40.884611556849755,268.3996719203631,18.24681996920283,8.012287430992075,20.342195251885105,22.024532190750673,32.47625779114327
2015,Ñuble,Ambos,Total,Indicadores complementarios,29.976976908163365,23.51923135732953,41.62201042447621,269.885815828413,17.62555216935181,7.322021429684271,20.454623357140946,21.614894800345347,32.722176157888796
2016,Ñuble,Ambos,Total,Indicadores complementarios,26.96089646319181,21.926129269823335,35.87755933722771,276.9672471372064,16.334038869338503,7.239444459305313,18.422376715437334,19.25538630789803,28.989712926610345
2017,Ñuble,Ambos,Total,Indicadores complementarios,25.018649238834858,18.76967709447289,36.00855397871908,272.63711692475954,15.682357970195357,7.750231408300534,18.323193914327323,19.93412188266788,29.110660103521834
2018,Ñuble,Ambos,Total,Indicadores complementarios,29.83111378820249,23.290780786257656,25.886545761147886,268.63622687987333,18.099030577408097,8.504463581925018,20.793301058754704,17.321231960250998,28.425882339941648
2019,Ñuble,Ambos,Total,Indicadores complementarios,22.94297937492342,22.871514380241745,27.02990687826497,271.5052566871738,17.160677793579275,7.8053319895466915,17.189909777391772,16.983840433183882,25.434129630110235
2020,Ñuble,Ambos,Total,Indicadores complementarios,20.681563757989974,16.526490021714096,53.882243613175504,272.24707385319726,17.105172817851948,9.536879881874782,19.0079855243252,27.44104247662561,35.03765810421616
2021,Ñuble,Ambos,Total,Indicadores complementarios,19.37552031343601,13.565931815688012,33.36619476485407,259.05741704209476,14.720561855632072,8.709724713271468,17.294693201605046,20.467771018732684,27.947008839701017
2022,Ñuble,Ambos,Total,Indicadores complementarios,19.927399409375123,13.585186276612696,32.451058018494805,264.36112930454055,14.474629396301491,8.616674974021889,17.209402016391685,19.83423025585299,27.372176345657678
2023,Ñuble,Ambos,Total,Indicadores complementarios,19.534423171072692,19.152812509310316,32.866213221892075,268.8923728852712,17.575631479901496,9.460932441190668,17.73731299109781,20.527353802903132,27.79212779461746
2024,Ñuble,Ambos,Total,Indicadores complementarios,21.435907543177127,22.542667810996644,37.43755035555891,278.03741950311684,19.539273944850393,10.169913981827552,19.079273583361942,22.265474265618128,29.975194626814623
2025,Ñuble,Ambos,Total,Indicadores complementarios,21.736582453673005,24.781537999112388,36.159938680441385,284.2250260128878,19.84545181674694,9.855518019291111,18.617969312786737,21.3239625349925,28.971629159777113
2010,Biobío,Ambos,Total,Indicadores complementarios,85.13965248578724,76.19313219072555,145.06425919316595,846.4933226382258,20.46267385416326,9.600116802919336,21.73814428464713,25.092019380794493,35.14994307716064
2011,Biobío,Ambos,Total,Indicadores complementarios,90.62515478309905,76.55136269697248,122.98267078914881,831.4280520645034,19.314271251578,8.50872932551399,21.300845299218867,22.041879660653613,32.941819175331936
2012,Biobío,Ambos,Total,Indicadores complementarios,83.79791109028612,62.31263608686643,111.58854760193731,819.5200558996023,17.486918172524675,8.684846876573012,20.52185513345815,21.118618616187458,31.343860876829826
2013,Biobío,Ambos,Total,Indicadores complementarios,73.37654287164199,62.06383168651547,107.1118670614685,807.2988449974262,17.053052575720894,8.1891585528029,18.668722609813017,20.370559164028958,29.459701719643032
2014,Biobío,Ambos,Total,Indicadores complementarios,76.55695309580283,59.49938276143954,108.34407784953846,814.5800946166851,17.07887561940048,8.654017448926131,19.49415463794243,20.803585441270997,30.20191884049652
2015,Biobío,Ambos,Total,Indicadores complementarios,74.27336696019013,55.819516881803864,104.98516065159691,834.9802900220454,15.729088844513267,8.08252866404427,18.25703037945213,19.63965235931028,28.534876336181537
2016,Biobío,Ambos,Total,Indicadores complementarios,69.8404677965966,49.518316985668015,94.6141713166598,823.9880088915111,14.244573487598508,7.455418950562313,17.03081968454179,18.081822188661924,26.557730459529978
2017,Biobío,Ambos,Total,Indicadores complementarios,73.57423780263461,40.52977870377808,87.5188647164638,823.3273707499438,13.619957273460242,8.11176072891881,18.11086201673226,17.87938739542285,26.815594354705414
2018,Biobío,Ambos,Total,Indicadores complementarios,75.41669731668016,39.788513939272555,88.78907229006593,836.3529734852901,13.10381532628827,7.781392202906087,17.869720063053162,17.571522559068946,26.58885133144122
2019,Biobío,Ambos,Total,Indicadores complementarios,73.72496767256574,38.02694084223107,83.65487312620276,846.359248422546,12.596743728377039,7.610940306513096,17.27719764821517,16.742754109354898,25.453590295049704
2020,Biobío,Ambos,Total,Indicadores complementarios,42.45725604637127,26.79184492987801,140.94258217156323,829.9532767646915,13.968997189141804,10.080545944462791,16.24260647262962,25.350658608452964,30.466278636110104
2021,Biobío,Ambos,Total,Indicadores complementarios,35.24494268575494,17.123731429942797,98.74728162780141,794.4616007466113,10.818797858042949,8.357481343581714,13.423489289256327,19.748150937105148,24.184481485067792
2022,Biobío,Ambos,Total,Indicadores complementarios,32.28666523689036,22.14772970024219,75.65329471081787,816.7031758216461,10.521051383527716,7.532355174975207,11.889236683206866,16.09786856131047,20.051161041703764
2023,Biobío,Ambos,Total,Indicadores complementarios,32.737586469195314,33.75999821797631,91.03623652797489,845.5067670990447,12.734689844933145,8.260028893971565,12.599176036592993,18.137728320710337,22.009676806884944
2024,Biobío,Ambos,Total,Indicadores complementarios,37.981160972092624,39.3092873142478,95.49117214485464,879.0413076296821,13.900023523342414,8.883205130486814,13.730522392271407,18.78131739057362,23.102065533173207
2025,Biobío,Ambos,Total,Indicadores complementarios,39.62882728980029,50.10816726844609,101.79706203272687,894.0300590729626,16.034825437494085,9.709897360066226,14.712065590606063,19.990611175113138,24.423216867464493
2010,La Araucanía,Ambos,Total,Indicadores complementarios,81.08441176350155,42.90986404852102,89.82635470255318,510.5721442044818,19.047429674245937,8.84890478839575,28.12049675357925,24.8853664382201,40.76645448501092
2011,La Araucanía,Ambos,Total,Indicadores complementarios,70.33574803414119,39.78685277371034,84.6044270208354,511.1644216546983,17.786134611501268,8.458759031458579,24.947822450196135,23.610037001566273,37.36994380541937
2012,La Araucanía,Ambos,Total,Indicadores complementarios,74.3963279160134,39.71596788179745,83.36965050023709,532.6689215417424,16.53077143206632,7.691236084115892,24.24953757958857,22.138764510407004,36.1054753334606
2013,La Araucanía,Ambos,Total,Indicadores complementarios,75.33692461077563,43.68523478552278,76.48303530120687,544.3153976496154,16.661278830843145,7.323482153795588,23.42688385790215,20.345677404253955,34.18635230268319
2014,La Araucanía,Ambos,Total,Indicadores complementarios,75.96856588570934,43.19577763084523,67.82762437850883,544.7767669865068,15.724912873724847,6.668228675773026,22.596250994946693,18.288533930305555,32.233432187611555
2015,La Araucanía,Ambos,Total,Indicadores complementarios,60.8625980639283,37.7460062512307,72.33504592787921,533.948883567627,15.687653268578645,7.510687334405673,20.695430316791448,20.040386122803643,31.438967510832672
2016,La Araucanía,Ambos,Total,Indicadores complementarios,58.68011209117919,34.97013678274413,68.2806441217231,534.2174313158233,14.781342508402048,7.276003212628381,19.870010319161953,19.127458921566777,30.111771422685475
2017,La Araucanía,Ambos,Total,Indicadores complementarios,70.1933685870523,36.25913938109,64.35704507425937,538.8557480990429,16.22941882556815,8.587851177448332,23.381014602256688,19.505459095451933,32.531833748534524
2018,La Araucanía,Ambos,Total,Indicadores complementarios,55.54790821591666,30.198781345927863,62.67485101311756,534.0296981315008,13.899333534780126,7.49252950368818,19.27726207947635,18.349401230565483,28.751052751121627
2019,La Araucanía,Ambos,Total,Indicadores complementarios,59.86183386941024,25.063008444305808,65.52119769444775,537.2382847519718,12.482616850445279,7.169472779145298,19.85967110179167,18.491017610831108,29.633528405095667
2020,La Araucanía,Ambos,Total,Indicadores complementarios,31.93930138884933,18.027783362901964,112.76262495963023,510.70511580075356,14.353654760819262,9.823406351106344,17.849516184549824,29.73421024783944,35.98817176118173
2021,La Araucanía,Ambos,Total,Indicadores complementarios,21.922245528933022,13.639877528548752,82.789217635697,480.2592668916813,11.272629240424012,7.840954940918693,13.356400839287335,23.727738943808376,28.292407871660092
2022,La Araucanía,Ambos,Total,Indicadores complementarios,31.247863791676853,19.54566878959836,67.7311619607272,512.7847937431378,12.824069551264438,8.432313728192232,15.45345939698078,20.527028440718485,26.620786323743662
2023,La Araucanía,Ambos,Total,Indicadores complementarios,32.7926331496308,30.370642308252776,73.35850277550416,530.9815629681765,14.91756137887493,8.280954758687157,15.446815923075196,20.95252813176244,27.128379693598344
2024,La Araucanía,Ambos,Total,Indicadores complementarios,42.70778751142625,43.25540731491663,81.77017608180336,557.9756853026225,19.341214106333904,10.257865325742864,19.226217577968157,23.409388497027596,31.0634473810206
2025,La Araucanía,Ambos,Total,Indicadores complementarios,46.996060075775375,42.98707614492985,76.24135539285729,561.1903806835661,17.85232809901471,8.98808177556644,18.679009610219374,21.352641542044815,29.726993935350478
2010,Los Ríos,Ambos,Total,Indicadores complementarios,24.36116594559718,13.262985428717355,40.84741273635683,202.7675412422081,17.86807169429261,9.677005178286183,24.722179716124355,27.872524177351544,39.886856351206475
2011,Los Ríos,Ambos,Total,Indicadores complementarios,29.992757625830773,17.297093601015785,39.67517175970597,211.60892413240558,18.366230627497643,8.305906018562803,25.75027468494058,25.49789800557289,39.67157132714984
2012,Los Ríos,Ambos,Total,Indicadores complementarios,27.60402967628489,16.066254937176502,38.212371335399496,219.28915803439662,15.976074002510565,7.10345414324426,22.347832055787467,23.291200668758822,35.87915983815609
2013,Los Ríos,Ambos,Total,Indicadores complementarios,28.32504136072252,15.322585297960815,36.4821212741771,223.7825571019923,14.2393473248821,6.058594711980106,21.181379256251883,21.373379674519317,34.03077430238253
2014,Los Ríos,Ambos,Total,Indicadores complementarios,28.286967742101208,13.291282856256622,37.56496422059256,223.74983007202204,12.34908615632338,5.210330385023094,20.40327725143137,21.12440078419271,33.766630605326434
2015,Los Ríos,Ambos,Total,Indicadores complementarios,30.610757582123167,15.591649146891966,35.29789173721783,223.16139061700432,13.133029157573118,4.833572775751424,21.127721327573585,19.886240425347015,33.60311030928594
2016,Los Ríos,Ambos,Total,Indicadores complementarios,31.24092339456196,14.281313290113383,29.606882739751143,223.72537390443895,12.070083911842412,4.713075723479108,20.806814762516627,17.322949804599265,31.28691055225503
2017,Los Ríos,Ambos,Total,Indicadores complementarios,31.95611475462302,13.142256513368432,30.269231585623196,233.87055662349292,11.277130910471787,4.822233570818432,20.517669122958974,17.140833635063753,30.804851549926383
2018,Los Ríos,Ambos,Total,Indicadores complementarios,28.9806683253235,13.061474252100764,27.538888937074624,229.39066260756692,11.817598168774387,5.346773555946051,19.70417443399444,16.710116165221862,29.34387727645879
2019,Los Ríos,Ambos,Total,Indicadores complementarios,28.805092043714712,17.061634238066027,28.24403034741758,228.93531094726418,13.879392247808294,5.3779595064004635,19.730895995528993,17.051596797990744,29.633793893112536
2020,Los Ríos,Ambos,Total,Indicadores complementarios,19.204484505966665,10.834880420811775,49.83293575905494,227.57181362891947,16.37498483582924,10.279030731322756,21.083917504619283,29.92583683841246,38.36470464006458
2021,Los Ríos,Ambos,Total,Indicadores complementarios,15.973546974129606,8.317996210665388,34.907894073276594,213.5194394899564,13.419676237316091,8.762644581685725,17.70582176368994,23.67886928739087,31.159943147591303
2022,Los Ríos,Ambos,Total,Indicadores complementarios,13.491890466801717,10.567188118607692,26.06754361935733,214.77481176629502,12.178816922776164,6.579038905546056,13.72867897997933,17.917682195532315,24.19955964468253
2023,Los Ríos,Ambos,Total,Indicadores complementarios,20.89992196284058,18.090379706809728,29.31352956486657,224.40636337998419,18.039838914265868,8.767135579630153,19.479944222640935,20.68461077147898,29.99803738204752
2024,Los Ríos,Ambos,Total,Indicadores complementarios,22.135912255863367,22.21593235995533,29.33701456265281,229.9364383308981,19.416009011442327,8.341235244583634,19.376118515951966,20.035747588706865,29.66271772730139
2025,Los Ríos,Ambos,Total,Indicadores complementarios,21.284365913994442,21.175578833734246,29.071664439316887,232.20970644590685,18.68434894516035,8.26011790278017,18.737902223111448,19.745559699564637,28.91157013029253
2010,Los Lagos,Ambos,Total,Indicadores complementarios,39.79163878046272,16.987367759827535,35.12524790117968,404.5092205241501,12.120557029016725,7.521719770539755,18.29415217953276,15.552000302403732,25.389016805736333
2011,Los Lagos,Ambos,Total,Indicadores complementarios,39.64595177058364,9.94683585378606,32.368709646792965,404.06910719475917,7.805300947394576,5.129265107938024,15.795369323085524,12.729062313466272,22.54073835220746
2012,Los Lagos,Ambos,Total,Indicadores complementarios,41.26574070288643,15.971058335682645,38.67268375933812,432.04179110907063,8.248006760157704,4.1879374671506,14.678273370981074,12.764213352756753,22.31554416197209
2013,Los Lagos,Ambos,Total,Indicadores complementarios,51.587464678384215,19.23453029856187,41.07441988441537,452.40389631684627,8.2206949014751,3.5445091670152147,16.086149782177518,12.301846057537187,23.704812543540736
2014,Los Lagos,Ambos,Total,Indicadores complementarios,43.15117429388292,15.52584147115167,34.81616268092279,451.5205179639728,8.078621216242095,4.352756277632174,14.708101439448907,11.727991432915944,21.284849333518814
2015,Los Lagos,Ambos,Total,Indicadores complementarios,37.301487522506825,7.802134662805774,29.37576472090725,441.7426059577112,5.557164683837472,3.6651273319968203,12.710832221999418,10.071370505617098,18.51553844853854
2016,Los Lagos,Ambos,Total,Indicadores complementarios,38.99794809170731,8.157942743012105,35.431690154924915,445.5299548985359,5.109936558984251,3.120671193983898,12.630086727865372,10.825199975788452,19.578359592314936
2017,Los Lagos,Ambos,Total,Indicadores complementarios,44.502156634322525,13.482316224426569,37.78518499552354,457.9029601110971,7.2110882585108556,4.001912874127843,14.594694058423144,11.923472237682521,21.642159494809086
2018,Los Lagos,Ambos,Total,Indicadores complementarios,28.461724072331478,8.512586913360591,30.631510229373077,448.388779648833,6.105795277252798,4.0681079558112865,10.881089118744384,10.621658949607497,16.969213876075994
2019,Los Lagos,Ambos,Total,Indicadores complementarios,34.69245698582768,5.776342739164745,28.868384036170482,460.11432278671793,5.057541264086135,3.718086855332607,11.762790322301463,9.75898388188721,17.298948466277917
2020,Los Lagos,Ambos,Total,Indicadores complementarios,11.780278737596865,3.729532096438179,89.88372780297338,445.664696594591,7.645153127655329,6.596886799890456,9.907991038435778,25.43486087991062,28.078166223055863
2021,Los Lagos,Ambos,Total,Indicadores complementarios,7.153271980363364,2.937983507379837,80.25522836236307,427.04467384337846,5.21432729927196,4.367132107588805,6.429845397620282,22.339578836822646,24.014642926952682
2022,Los Lagos,Ambos,Total,Indicadores complementarios,6.600434414218454,2.632685233607401,74.38159921875818,434.8983246759746,5.737544928883617,5.007291643056569,6.838117773480231,21.254099599778236,22.77179558518728
2023,Los Lagos,Ambos,Total,Indicadores complementarios,5.766393421822782,6.618114395637755,77.71148843131398,468.89256616388167,7.419169426161452,5.727340559080552,7.201438809243102,21.351535123452674,22.581325023727477
2024,Los Lagos,Ambos,Total,Indicadores complementarios,8.192467428615716,11.25131431855917,51.28379632002866,482.64625675962395,7.333390797053266,4.725070567450274,6.624277888427367,14.848551288564465,16.5459574766116
2025,Los Lagos,Ambos,Total,Indicadores complementarios,12.130303054976139,13.048584126733157,47.09279530824098,477.44264145690903,9.454721808807236,6.422634254109838,9.241341676346403,15.652684835910122,18.19336763247825
2010,Aysén del General Carlos Ibáñez del Campo,Ambos,Total,Indicadores complementarios,3.9581848438324996,2.5436764805457304,4.677497710898969,54.723053952663136,10.539514175222129,5.4567922083455285,13.365955660762715,13.537950076637125,20.77107132615005
2011,Aysén del General Carlos Ibáñez del Campo,Ambos,Total,Indicadores complementarios,4.350506106851923,3.47719238437715,4.653127282833118,57.96288285413913,10.928334505793947,4.405715245748511,12.566521950316453,12.079805155877294,19.58548101710001
2012,Aysén del General Carlos Ibáñez del Campo,Ambos,Total,Indicadores complementarios,4.4724542866464505,2.7632689770507697,4.589945560269063,58.032656463131794,9.821238955905846,4.650713489723421,13.019402523435739,12.19212311950153,19.89891195052429
2013,Aysén del General Carlos Ibáñez del Campo,Ambos,Total,Indicadores complementarios,3.541816883483376,2.982665649776534,4.5941368705578896,59.388150038035164,10.573846950569648,5.130431735370771,11.594307401235678,12.469333202739355,18.43317764176468
2014,Aysén del General Carlos Ibáñez del Campo,Ambos,Total,Indicadores complementarios,5.045469367857087,3.3275553850292803,4.815910983254178,60.608225412398475,10.088528981336008,4.124346604110479,13.167651975972735,11.742596587081938,20.06732369058322
2015,Aysén del General Carlos Ibáñez del Campo,Ambos,Total,Indicadores complementarios,4.892328690742213,2.94082911932568,4.74233967450136,61.77966042896839,9.137540045054521,3.981566586929982,12.558983313431913,11.35214815206845,19.271143913411628
2016,Aysén del General Carlos Ibáñez del Campo,Ambos,Total,Indicadores complementarios,4.077868198336462,2.7695549385118885,3.9347042517736406,61.697217088925846,7.930739655511884,3.13601241377987,10.195726401350063,9.313457066589978,15.922941887370342
2017,Aysén del General Carlos Ibáñez del Campo,Ambos,Total,Indicadores complementarios,4.676098634261172,2.88097617212313,3.942613137149353,63.2906114258342,8.50274560161744,3.6483676020271645,11.527485296132623,9.65047760096728,17.038775057598368
2018,Aysén del General Carlos Ibáñez del Campo,Ambos,Total,Indicadores complementarios,5.220534995268561,3.8431051511581025,3.919625406397198,63.64528059028356,10.077574347901932,3.642977457627966,12.383835936610431,9.577171323049122,17.77971980244974
2019,Aysén del General Carlos Ibáñez del Campo,Ambos,Total,Indicadores complementarios,5.848026618195505,3.686452664957328,3.825492243988367,63.622999120652516,10.5161038465593,4.351210262348755,14.13092671483799,10.102333415068598,19.294019910553516
2020,Aysén del General Carlos Ibáñez del Campo,Ambos,Total,Indicadores complementarios,5.157031583275179,2.716582700663605,7.069893919402438,65.00843237175341,11.658021782802537,6.969289941736613,15.870155792048582,17.086704365721246,25.01956998811386
2021,Aysén del General Carlos Ibáñez del Campo,Ambos,Total,Indicadores complementarios,4.162515987685244,1.7317141331366224,5.06894770447639,62.45031195326608,7.724324282252823,4.706420898798241,11.96054607023496,12.441180805167509,19.106505376804897
2022,Aysén del General Carlos Ibáñez del Campo,Ambos,Total,Indicadores complementarios,4.934998883203796,2.7887783422638517,3.6421061177599574,64.77121167844919,9.76866917210272,5.206557037981698,13.279632601477893,10.536822901301464,18.15594682274847
2023,Aysén del General Carlos Ibáñez del Campo,Ambos,Total,Indicadores complementarios,4.981173386416316,3.2436729318258406,4.02564974530038,66.24068755677855,10.484462315208553,5.27081454462501,13.27719621959898,11.027797682429394,18.547606987166272
2024,Aysén del General Carlos Ibáñez del Campo,Ambos,Total,Indicadores complementarios,5.048762393335283,3.5991168822661623,4.3138080373479335,66.08286090539087,10.677419776409355,4.850688241517691,13.024299716702426,11.06191850891644,18.70196666083206
2025,Aysén del General Carlos Ibáñez del Campo,Ambos,Total,Indicadores complementarios,5.040602348786546,3.969387161760297,4.36441647942577,66.94215291974719,10.978086348242806,4.634956366950199,12.689901520796765,10.85245535435522,18.382243580361955
2010,Magallanes y de la Antártica Chilena,Ambos,Total,Indicadores complementarios,3.5712810564753923,0.4517113129802392,5.84041584924345,80.29540997092275,6.9224950670537115,6.315804651845267,11.112368131037769,13.130075349673733,17.57775306595746
2011,Magallanes y de la Antártica Chilena,Ambos,Total,Indicadores complementarios,4.655845737374409,0.3127269671617564,8.154857369790934,87.88213715526639,5.671440146047049,5.279194269851072,11.118909044896741,14.068633007740841,19.36646245076936
2012,Magallanes y de la Antártica Chilena,Ambos,Total,Indicadores complementarios,5.7803633440007545,1.4890332813791982,7.706472476863026,88.56643408662009,5.964505065574847,4.123008666447789,11.271618718846403,12.465598074008435,18.992182782553233
2013,Magallanes y de la Antártica Chilena,Ambos,Total,Indicadores complementarios,4.0017076871309625,0.607212987210473,6.225707839303217,87.34699515522284,5.065986154749096,4.317461313364692,9.250454636740674,11.137289861870862,15.718681219432268
2014,Magallanes y de la Antártica Chilena,Ambos,Total,Indicadores complementarios,5.355956316363112,0.9711806275010928,6.775536838557273,90.92307771776497,4.208337119851938,3.054196883127486,9.419155692858471,10.27854384596187,16.169189489291917
2015,Magallanes y de la Antártica Chilena,Ambos,Total,Indicadores complementarios,4.774622010409499,0.8383012996176827,3.3644188694139974,90.46158322570304,4.934919174630717,3.9724294014982218,9.45437826366544,7.543856729931135,12.82192266704473
2016,Magallanes y de la Antártica Chilena,Ambos,Total,Indicadores complementarios,4.263563251010412,1.5321627776433167,3.442779288698439,92.86879205622213,5.980565618404167,4.26723553666788,9.034934687131162,7.816186389228514,12.407140095646145
2017,Magallanes y de la Antártica Chilena,Ambos,Total,Indicadores complementarios,4.524401798149358,1.457224986320584,2.947317742849248,94.3927790834923,5.236504102257794,3.642958654559432,8.590609124926168,6.651608472515065,11.444773629933975
2018,Magallanes y de la Antártica Chilena,Ambos,Total,Indicadores complementarios,6.622274381174682,3.49514765930601,6.87520431347651,103.45622289896508,7.399993225683817,3.7811168558800694,10.637820665969818,10.175362285431346,16.576402450643997
2019,Magallanes y de la Antártica Chilena,Ambos,Total,Indicadores complementarios,5.392392187766639,4.768307578338897,5.7824842812774575,103.41876051911925,8.840074009277608,3.956328170053558,9.479267384399241,9.326446897884987,14.540580349783916
2020,Magallanes y de la Antártica Chilena,Ambos,Total,Indicadores complementarios,3.939984563665657,3.379220116259549,14.493319570969405,102.158474129895,11.495654450122945,7.640964256212262,12.135320746529441,20.744028213483976,24.60076608787308
2021,Magallanes y de la Antártica Chilena,Ambos,Total,Indicadores complementarios,4.849767439617162,3.8557657129850966,7.482666107407027,100.66602183292277,10.302873875753589,6.1650472403373024,11.3695898347281,13.139949078320083,17.95762971306932
2022,Magallanes y de la Antártica Chilena,Ambos,Total,Indicadores complementarios,3.8717012911416213,4.8271344552216355,6.80840259410752,104.90004214159086,10.14853838513576,5.227492639045484,9.1745173895773,11.378580587089,15.06942876226487
2023,Magallanes y de la Antártica Chilena,Ambos,Total,Indicadores complementarios,3.8800142551479304,5.349686015822957,8.309753022307337,110.63544230158683,11.084529787268504,5.856433056620588,9.64826117180497,12.92749250794905,16.434518985568403
2024,Magallanes y de la Antártica Chilena,Ambos,Total,Indicadores complementarios,3.948442952392502,7.78178197603227,10.220613879428232,113.20994314930027,13.80584538536985,6.249934466054141,10.083771408565,14.713707120103706,18.201424578971544
2025,Magallanes y de la Antártica Chilena,Ambos,Total,Indicadores complementarios,4.346683581545148,8.079175154480929,9.612052376222012,114.83726190782909,14.170378788467255,6.4923944057855145,10.623233014607207,14.319122312865856,18.10420348715743
